name,lon,lat,code,fclass,osm_id
مسجد ملّا اسماعیل,54.36316606565358,31.895873497630774,3300,muslim,207024439
مسجد شهید ساداتی,54.3838294171825,31.82984692558054,3302,muslim_shia,286701621
مسجد حظیره,54.371269165155745,31.8979069469909,3302,muslim_shia,295970832
حسینه گازرگاه,54.373771061753004,31.89388055923944,3300,muslim,295984072
مسجد دانشگاه علوم پزشکی,54.34025242768616,31.843144196044324,3302,muslim_shia,364539943
مسجد ولایت,54.36610212669081,31.826712282421855,3302,muslim_shia,364575611
,54.35108278416181,31.83995719499154,3300,muslim,364583129
,54.38294090000001,31.8998451,3300,muslim,364627352
,54.383797349999995,31.90215475,3300,muslim,366061652
مسجد جامع یزد,54.368510626939,31.901437456800053,3302,muslim_shia,5705856
مسجد امام حسن عسکری,54.36668886030001,31.834367835325345,3302,muslim_shia,384626647
مسجد ابوالفضل ع,54.35583595109634,31.849790534508163,3302,muslim_shia,424129246
مسجد امام صادق ع,54.35801378647827,31.841781214191005,3302,muslim_shia,425415746
مسجد امام حسین (ع),54.395969948385314,31.812862383075085,3302,muslim_shia,439702158
مسجد جامع رحمت اباد,54.40181043934521,31.81871112058552,3302,muslim_shia,439703683
مسجد امیر چخماق,54.368627020452074,31.893650934634955,3302,muslim_shia,554487582
مصلی یزد,54.366956374464195,31.894990135718487,3300,muslim,554487584
امامزاده فاضل,54.36965598790486,31.896609899869986,3302,muslim_shia,554489920
حسینیه کوی میرقطب,54.363166052479045,31.895066514913204,3300,muslim,554537741
مسجد الرضا,54.38033069787557,31.84644383529903,3302,muslim_shia,595867616
مسجد,54.363661919039856,31.819246585733488,3302,muslim_shia,596792184
مسجد و مجتمع فرهمگی مذهبی امام علی,54.324444722429625,31.844951069676455,3300,muslim,623073411
کنیسه ملا آقا بابا ملا حیدر,54.36761126184371,31.900130571153237,3200,jewish,17437312
مسجد بیاق خان بازار,54.36782154843397,31.896080490676496,3302,muslim_shia,17437313
name,lon,lat,code,fclass,osm_id
بقعه سید رکن الدین,54.3697805,31.9010423,3300,muslim,2171811327
مسجد فاطمیه,54.3763754,31.8942159,3302,muslim_shia,2997107797
امامزاده فاتح,54.3787823,31.895884,3300,muslim,3244104427
حسینیه سلسبیل,54.380738,31.8894217,3302,muslim_shia,3244104438
,54.3915524,31.8298504,3300,muslim,3685735105
مسجد امام حسین,54.402186,31.8022268,3300,muslim,3685747297
مسجد حضرت رقیه,54.3691197,31.8476321,3302,muslim_shia,3686104090
,54.3141559,31.8337187,3300,muslim,3702083423
مسجد فاطمیه,54.3694627,31.8827036,3302,muslim_shia,4247324452
مسجد برخوردار,54.3657405,31.889149,3302,muslim_shia,4285066063
مسجد رسولیان,54.361857,31.8829742,3302,muslim_shia,4288174726
مسجد جواد الائمه,54.3714868,31.8298129,3302,muslim_shia,4673135612
مسجد امام هادی,54.367412,31.8075709,3302,muslim_shia,4709930641
,54.32994,31.8487603,3300,muslim,4709943234
مسجد ابوذر,54.3360133,31.8522169,3302,muslim_shia,4709945053
مسجد فُرط,54.3676794,31.8972517,3300,muslim,5056972713
مسجد علاقه بند,54.3698788,31.9035559,3300,muslim,5731774124
مسجد ملااسماییل - نماز جمعه,54.3637411,31.8964911,3300,muslim,5919987294
,54.3657912,31.8910881,3300,muslim,6139102846
حسینیه کربلائیهای یزد,54.3730363,31.8912796,3300,muslim,6327814324
مسجد مصطفی خمینی,54.3944555,31.8906403,3302,muslim_shia,6327824157
مسجد حضرت ابوالفضل ع,54.4030579,31.865589,3300,muslim,6328373235
مسجد المهدی,54.3979068,31.8511988,3302,muslim_shia,6329249386
مسجد امام کاظم (ع),54.3957447,31.8559164,3302,muslim_shia,6428660853
مسجد مکتب امام,54.3780206,31.8798732,3302,muslim_shia,6776485910
مسجد حضرت حجت عج,54.3893207,31.8956625,3302,muslim_shia,8561470955
مسجد امام سجاد,54.3966189,31.8806514,3200,jewish,8561470956
کنیسا الی,54.3692378,31.8988852,3200,jewish,8561470957
کنیسا حاج همایون,54.3690329,31.8994262,3200,jewish,8561470958
کنیسه یخوود,54.3701259,31.9003018,3200,jewish,8561470959
کنیسه حاجی اسحاق,54.3675385,31.8993643,3200,jewish,8561470963
مدارش هاراو اشرگا,54.3673273,31.8995642,3200,jewish,8561470964
کنیسه هاخام,54.3664369,31.8997159,3200,jewish,8561470965
کنیسه ملا شماعیل,54.3680094,31.9004305,3302,muslim_shia,8562501951
کنیسه هاداش,54.3680229,31.899856,3200,jewish,10181336278
مدرسه اسلامی امام خمینی,54.3689973,31.9002283,3200,jewish,10296652655
مقبره ملا هاراو ارشگا,54.378017,31.8952962,3300,muslim,11375078106
مسجد محمد محسنین,54.3724452,31.8345468,3300,muslim,11664918908
مسجد حضرت صاحب الزمان(عج),54.3519723,31.8679146,3300,muslim,11765678443
,54.3849812,31.8215665,3300,muslim,
گالری خوشنویسی استاد حسین خواجه پور,54.3306601,31.8510405,,,
name,lon,lat,code,fclass,osm_id
پارک شادی,54.35967913940768,31.861463458558962,2744,theme_park,117103114
قبرستان خلد برین,54.39327615369697,31.930538622334574,2015,graveyard,117103150
مجموعه ورزشی شهید نصیری,54.328391276004055,31.858753191090983,2251,sports_centre,117133966
بوستان وحشی بافقی,54.37678143419756,31.897674850108896,2204,park,207066163
آتشکده زرتشتیان,54.37324426100384,31.8811345761619,2721,attraction,383298192
پارک کوهستان یــزد,54.31261915727052,31.833975285860618,2204,park,234876007
پارک بزرگ شهر,54.39829492681134,31.877537901664162,2204,park,235123878
دانشکده پرستاری و مامایی شهید صدوقی یزد,54.38642026353803,31.83374627050043,2081,university,235135230
دخمه زرتشتیان,54.35702902108437,31.82189196300542,2721,attraction,596935937
دخمه زرتشتیان,54.35702902108437,31.82189196300542,2721,attraction,596935937
دخمه زرتشتیان,54.354853947658675,31.822964058735078,2721,attraction,596935937
دخمه زرتشتیان,54.354853947658675,31.822964058735078,2721,attraction,596935937
قبرستان زرتشتیان,54.35809895344622,31.82668773622721,2015,graveyard,239508120
پارک فجر,54.38572544962593,31.82772050220423,2204,park,278423857
دبستان رازی ۲,54.37985059980773,31.830508734129303,2082,school,282875903
مجتمع تجاری ساقی,54.37911566098228,31.828045282706842,2504,mall,282875947
بیمارستان شهید صدوقی,54.37655825437125,31.82177377184727,2110,hospital,282876508
هنرستان محمد طاهری,54.38435297628921,31.825847687222286,2082,school,286669784
دانشگاه یزد,54.350166167354104,31.831451027038906,2081,university,623135475
دانشگاه آزاد اسلامی یزد,54.351397847070196,31.839556289459093,2081,university,286691640
پارک آزادگان,54.38129819414571,31.83794801699487,2204,park,286699318
دبستان دخترانه مریم,54.377085,31.8363716,2082,school,286699327
مدرسه بنی فاطمه,54.37490575981901,31.833916079074115,2082,school,286701616
,54.37300244954645,31.833511412425104,2204,park,1359901709
دبیرستان پسرانه جواد الائمه,54.37712546182555,31.832294266907105,2082,school,286701618
,54.38165967485719,31.828839162941225,2204,park,1359901709
پارک کرباسچی,54.37533815661919,31.896543200711438,2204,park,295950165
پارک,54.384758315513324,31.888012798929104,2204,park,295950269
بیمارستان شهدای کارگر تامین اجتماعی,54.39989740387709,31.866914922091286,2110,hospital,295950585
بانک ملی,54.371510935269434,31.89945052032942,2601,bank,295972942
پارک شهید سلطانی,54.35747120015774,31.890223983126933,2204,park,295974567
,54.3577500040719,31.890809925643158,2204,park,1359901709
مجتمع تجاری - تفریحی ستاره یزد,54.356735701325825,31.88629356658899,2505,department_store,295976475
دبستان و راهنمایی رمضانی,54.372154776948435,31.893323856091854,2082,school,296124669
بیمارستان گودرز,54.3761347418123,31.89104957474253,2110,hospital,296124874
درمانگاه جوی هرهر,54.37763782634683,31.89737255399551,2111,clinic,296125139
بیمارستان سید الشهدا یزد,54.376828497648034,31.90802733579608,2110,hospital,296125452
عدالت,54.35633139414865,31.86515297869867,2251,sports_centre,296127201
هتل صفائیه,54.37805950131743,31.839212750206784,2401,hotel,296143833
,54.38190691542147,31.889341437597153,2204,park,1359901709
بوستان هفتم تیر,54.38242510423269,31.858514533116335,2204,park,318055289
پارک ولایت,54.366987462925664,31.827496820986852,2204,park,364427424
,54.369886699999995,31.830008250000002,2204,park,1359901709
دبیرستان دخترانه جوادالائمه,54.368090891651256,31.828761416297553,2082,school,364428063
,54.36737791225045,31.827735999811818,2204,park,1359901709
بینش,54.3702219410884,31.828674270172677,2204,park,364431625
,54.36943899573196,31.830873928171613,2204,park,1359901709
,54.37049044702215,31.827727169104435,2204,park,1359901709
,54.371409482577796,31.830799886121387,2204,park,1359901709
,54.371123767153186,31.831081033204956,2204,park,1359901709
پارک تلاش,54.37488327022296,31.829936755607513,2204,park,364439411
پارک سامان,54.37521610000001,31.8289742,2204,park,364439412
فضای سبز خرد,54.37399066425517,31.832329164320907,2204,park,364439413
,54.36405934280067,31.83252622483835,2204,park,1359901709
,54.365537324287324,31.846936487409224,2204,park,1359901709
پینت‌بال,54.38840190705779,31.8143316887446,2252,pitch,364439818
پارک پهلوان یزدی,54.36741657539982,31.838815779829233,2204,park,364478146
پارک ولی دشتی,54.391716615116955,31.82562682462433,2204,park,364539972
,54.392675312637486,31.845015816310866,2204,park,1359901709
دبستان دخترانه جواد الائمه,54.37192962701794,31.829465631967377,2082,school,364560102
,54.33404328916,31.85232852117003,2204,park,1359901709
,54.33200603246476,31.850780732514135,2204,park,1359901709
پارک راه آهن,54.345489304460784,31.86590498445835,2204,park,364562154
زمین فوتبال راه آهن,54.3527854,31.86322995,2252,pitch,364562155
سلف سرویس آفتاب دانشگاه یزد,54.356038845603194,31.832774967129534,2301,restaurant,364570417
سالن ورزشی غدیر دانشگاه یزد,54.34855633304289,31.8346549442729,2251,sports_centre,364570432
سالن ورزشی کوثر دانشگاه یزد,54.348232890011616,31.83841005557782,2251,sports_centre,364570441
سالن ورزشی امام علی دانشگاه یزد,54.35321538388693,31.831880646466022,2251,sports_centre,364570449
استخر سرپوشیده دانشگاه یزد,54.352434550000005,31.8329523,2253,swimming_pool,364570452
مهمانسرا شماره دو دانشگاه یزد,54.36127943662432,31.838157480642533,2404,guesthouse,364570869
درمانگاه شبانه روزی دانشگاه یزد,54.35944102831194,31.839619793501818,2111,clinic,364570857
مهمانسرا شماره دو دانشگاه یزد,54.36098340000001,31.838934649999995,2404,guesthouse,364570869
بانک تجارت,54.36238512188931,31.83637354776624,2601,bank,364572658
سیتی سنتر,54.36673339068286,31.83122257569761,2504,mall,364573056
بوستان پرستار,54.36711513974428,31.846986510300944,2204,park,364573882
,54.367816999999995,31.845751700000005,2204,park,1359901709
دانشکده کشاورزی ملاصدرا,54.364381052170636,31.830711954146434,2084,college,364582012
بیمارستان خصوصی شاه ولی,54.34950037847337,31.841233231200103,2110,hospital,364583119
,54.34909495000001,31.8392561,2204,park,1359901709
دانشکده پزشکی علی ابن ابیطالب(ع),54.35284233710269,31.840097045393378,2084,college,364583137
ساختمان ولی عصر دانشگاه آزاد,54.35114310659878,31.837385807998675,2084,college,364583145
مجتمع تجاری آریا,54.37935855799994,31.831010545709823,2504,mall,364583824
استخر کاج,54.382815040619285,31.829341308222098,2253,swimming_pool,364583825
پارک مهرآوران,54.35311889100454,31.817000955986547,2204,park,364583827
امام علی,54.35782103626302,31.86379441163264,2007,library,364700060
,54.31309804150948,31.83324864369172,2204,park,1359901709
,54.36343199999999,31.890305699999995,2204,park,1359901709
بوستان شهدا حسن آبادمشیر,54.39800173762885,31.898995306141217,2204,park,364837179
,54.38567515,31.917507050000005,2204,park,1359901709
,54.37510315615308,31.870239793229658,2204,park,1359901709
ورزشگاه شهید پاکنژاد یزد,54.361257707599364,31.880235183551218,2252,pitch,364838872
,54.370104805099054,31.83754724151735,2204,park,1359901709
دبستان هشتم شهریور,54.371368168703306,31.83686566387599,2082,school,364840110
مرکز خرید تک,54.377756100000006,31.8317002,2504,mall,365005222
تک,54.37721416884263,31.831566752023893,2203,cinema,365005223
ایستگاه اتوبوس,54.373975071526125,31.834505386023917,2421,shelter,365005745
پارک کوثر,54.38654568103757,31.82303704447814,2204,park,365104186
,54.36708085,31.883179799999997,2204,park,1359901709
فهادان,54.37133351628661,31.90528519220585,2301,restaurant,371745859
مجتمع تجاری تفریحی امیرمال,54.38171699257774,31.85631722950522,2505,department_store,381176247
رفاه,54.36328928089522,31.874354605940358,2511,convenience,381275795
,54.39036080988394,31.894935343868834,2204,park,1359901709
هتل ارگ جدید,54.35097264345187,31.818120147805164,2401,hotel,383101440
آتشکده زرتشتیان,54.3733156174801,31.881149135298724,2721,attraction,383298192
,54.35642515472809,31.82427843079099,2204,park,1359901709
,54.3563871,31.82367195,2204,park,1359901709
,54.35609050178267,31.823999232847154,2204,park,1359901709
,54.356966400000005,31.824263850000005,2204,park,1359901709
,54.3560418,31.824337350000004,2204,park,1359901709
,54.35725334057509,31.824704369170455,2204,park,1359901709
,54.3730605872186,31.88133545459077,2204,park,1359901709
,54.35656760749744,31.824789700431957,2204,park,1359901709
,54.356976846594385,31.824865548293722,2204,park,1359901709
,54.35566792407026,31.824549692523036,2204,park,1359901709
بیمارستان مرتاض,54.3844977897592,31.85631514661553,2110,hospital,383357911
سینما ایران,54.370828100000004,31.8814565,2203,cinema,383357912
,54.3720150890185,31.904348703753055,2204,park,1359901709
مسجد جامع یزد,54.368510626939,31.901437456800053,2721,attraction,5705856
هتل سنتی کهن کاشانه,54.37200030512493,31.904349168308546,2401,hotel,5705859
هتل سنتی کهن کاشانه,54.37200030512493,31.904349168308546,2401,hotel,5705859
هتل ملک التجار,54.36561916809758,31.895495421176566,2401,hotel,5705857
هتل سنتی مهر,54.36713682178759,31.89731051703432,2401,hotel,5705858
,54.371412234252595,31.904888496462714,2204,park,1359901709
هتل سنتی یزد,54.36994928742409,31.8926304841263,2401,hotel,383427770
تکیه امیر چخماق,54.37004551260505,31.893316527919804,2721,attraction,383427771
هتل ارگ جدید یزد,54.35072289360825,31.818096247659394,2401,hotel,384626648
ایستگاه آتش نشانی شماره 1 شهرداری,54.35919935712989,31.87982202888239,2002,fire_station,388129088
,54.34890730028991,31.848774313114994,2204,park,1359901709
پردیس دانشگاه علوم پزشکی صدوقی یزد,54.33787579175581,31.842291445120182,2081,university,422372988
هنرستان دخترانه صنایع لاستیک,54.35709736350366,31.841923466076878,2082,school,424116138
دبستان آینه ساز,54.35752958261397,31.84112653692083,2082,school,424121126
مدارس سما,54.34681910069295,31.849686337518538,2082,school,424129248
دبستان پسرانه دین و دانش,54.35953860465195,31.852166388420034,2082,school,425386379
دبستان دختزانه دین و دانش,54.35934667725107,31.852474259179232,2082,school,425386380
دبیرستان دخترانه روش نوین,54.359740535139316,31.851851661093928,2082,school,425386381
دبستان پسرانه یاوری,54.358466959473326,31.852528189203056,2082,school,425388672
دانشگاه علمی کاربردی فرهنگ و هنر,54.356552620613066,31.857393045602276,2081,university,425393118
دانشکده فنی امام علی ع,54.36067302914872,31.85514271228177,2081,university,425393119
دانشگاه غیر انتفاعی امام جواد ع,54.3728807335394,31.829859418479614,2081,university,425417658
ایستگاه شماره 9 آتش نشانی,54.365341117544645,31.850936079352568,2002,fire_station,425420168
,54.358978783432306,31.8509075754907,2204,park,1359901709
دانشکده فنی شهید صدوقی,54.35271543250971,31.86547239099887,2081,university,429381779
دانشگاه فرهنگیان - پردیس شهیدان پاکنژاد,54.35176839551368,31.86699092834438,2081,university,429381839
,54.36003584843797,31.85999039878948,2204,park,1359901709
,54.365145630448225,31.883423688509957,2204,park,1359901709
پارک گلستان,54.39997033145265,31.81363521934802,2204,park,437859741
پارک لاله,54.397130477131405,31.814044995624506,2204,park,437859742
پارک جوان,54.397292435474704,31.811675310421407,2204,park,437859743
,54.39747949490328,31.8112114007122,2204,park,1359901709
پارک مهسا,54.39858073333334,31.81220693333333,2204,park,437859745
مدرسه استثنایی نشاط یزد,54.39463343557637,31.8128511720291,2082,school,439702159
مدرسه خواجه رضایی,54.396776559420914,31.812977080678795,2082,school,439702160
ورزشگاه شهدای رحمت اباد,54.38929468024995,31.815487894319613,2256,stadium,439856680
,54.390463799581234,31.81557123868964,2204,park,1359901709
,54.391232749932634,31.816550697847646,2204,park,1359901709
مدرسه یاسین,54.39111440983281,31.81697662820403,2082,school,439856695
,54.3897025,31.815920749999997,2204,park,1359901709
,54.391705501830565,31.813230032223974,2204,park,1359901709
دبیرستان خاتم,54.39621835409712,31.8146900063457,2082,school,441709976
مدرسه هاشمی,54.395436548283314,31.814633243557843,2082,school,441709977
پارک قلعه,54.40518175726808,31.821227405881853,2204,park,441709978
پارک فدک,54.39532603848939,31.817276653742994,2204,park,441710138
تعمیرگاه سایپا امیر کبیر,54.363483771359725,31.852093105038392,2541,car_dealership,442410418
ورزشگاه معلم,54.382190990527036,31.920324788264644,2256,stadium,466747320
دانشکده دندان پزشکی یزد,54.38521536895113,31.91361065838781,2084,college,466747327
حسینیه فهادان,54.37034401707291,31.904834332496623,2723,monument,473835207
میدان میوه تره بار یزد,54.366374154629234,31.792574766800108,2016,market_place,477425336
دبیرستان دخترانه امام حسین,54.35345123287695,31.872457213715872,2082,school,477687337
کتابخانه مرکزی,54.3712603787132,31.88525614895054,2007,library,518530988
,54.363225881493534,31.890190429096467,2204,park,1359901709
سینما دانش آموز,54.36390528231218,31.88903119423234,2203,cinema,518565359
مرکز پزشکی هراتی درمانگاه تامین اجتماعی,54.36333705652007,31.887146279124188,2110,hospital,518565364
هتل جهانگردی یزد,54.354867069893814,31.866490707042153,2401,hotel,532054131
هتل سنتی فاضلی,54.37053415051638,31.901840329503965,2401,hotel,532068474
هتل سرای کهن,54.37282475740704,31.90161996784082,2401,hotel,532068475
,54.370129394966845,31.905227726093006,2204,park,1359901709
هتل جاده ابریشم,54.370403499999995,31.900782349999997,2401,hotel,533457949
بوستان طوبی - پارک بانوان,54.385990215372125,31.85455628745802,2204,park,537501950
,54.369456215153164,31.903620619928358,2204,park,1359901709
خانه ابراهیمی,54.363299223621325,31.894617567149464,2301,restaurant,554536892
,54.328791185669,31.858543729492556,2204,park,1359901709
,54.35363455880025,31.819946809451313,2204,park,1359901709
رستوران یاس یزد,54.385090079034626,31.846454843042583,2301,restaurant,595863719
مدرسه,54.38246577552294,31.847885272619664,2082,school,595865086
ایران خودرو,54.38457335389819,31.852084129819236,2541,car_dealership,595870328
بوستان ناجی,54.39168578016102,31.832062600574936,2721,attraction,596908120
بوستان ناجی,54.39168578016102,31.832062600574936,2721,attraction,596908120
بوستان باغ ملی,54.3544963880675,31.887407160750907,2204,park,596930430
اداره آگاهی یزد,54.354380202525775,31.886095123491387,2001,police,596930433
اداره اماکن,54.354094914957535,31.88573728644656,2001,police,596930434
موزه دفاع مقدس,54.3822051468608,31.838669363225126,2722,museum,596930444
مجتمع تجاری صدف,54.37773962519172,31.836708940501932,2504,mall,596930445
دخمه زرتشتیان,54.356527436990625,31.823520037538522,2721,attraction,596935937
زندان مرکزی یزد,54.38644068719491,31.91903463650476,2010,prison,596935938
هتل موزه فهادان,54.37021189138834,31.90568029792533,2401,hotel,5705855
کتابخانه مرکزی دانشگاه یزد,54.35866963802004,31.833383096029618,2007,library,621696882
ساختمان مهتاب دانشگاه یزد,54.35520893499772,31.833814424182748,2301,restaurant,621940554
زمین چمن دانشگاه یزد,54.35042771665879,31.833605376874672,2252,pitch,623053390
سلف غدیر دانشگاه یزد,54.34832905,31.83493355,2301,restaurant,623053391
,54.3545343,31.83646215,2204,park,1359901709
باجه بانک دانشگاه یزد,54.35563146693403,31.834379254185414,2601,bank,623053401
,54.36399327561471,31.84735370204732,2204,park,1359901709
سالن ورزشی دانشگاه یزد,54.364933953578955,31.848375305983776,2251,sports_centre,623135450
دانشگاه یزد,54.364237988546975,31.846032691881433,2081,university,623135475
,54.372626760608526,31.80889527873531,2204,park,1359901709
دانشکده هنر و معماری دانشگاه یزد,54.366233964458225,31.894273327902983,2084,college,634093228
نامیا,54.38361024432561,31.84654283977695,2082,school,640248087
,54.38922205,31.815470899999998,2204,park,1359901709
مدرسه راهنمایی فرساد,54.38501879834521,31.88323176291422,2082,school,655209712
دانشکده بهداشت یزد,54.33786615963886,31.84336263839662,2084,college,655434744
کلانتری ۱۴,54.39023334267,31.837949634896287,2001,police,655991372
نمایندگی هپکو تیموری,54.38925853626117,31.83768254379382,2541,car_dealership,655991376
,54.382150182333085,31.85419882774722,2204,park,1359901709
مدرسه راهنمایی,54.40173880340441,31.89551520481099,2082,school,675124167
مدرسه دبستان,54.397458481689945,31.898495618658767,2082,school,675124208
کتابخانه شهدا حسن آباد,54.40815947927274,31.900079743633523,2007,library,675125434
کلینیک اکبری,54.378705616754296,31.840160571807605,2111,clinic,675141531
کلینیک امام رضا,54.38518284999999,31.844786149999994,2111,clinic,675141664
,54.402920200000004,31.8519743,2204,park,1359901709
باغچه ذهن,54.376737936860636,31.891337947648257,2204,park,675751949
دادگستری کل استان یزد,54.39561517047517,31.857205410981678,2009,courthouse,675756410
ستاد مبارزه با مواد مخدر استان یزد,54.38741030943694,31.920644262128636,2001,police,675830785
مجتمع آموزشی سیدالشهدا,54.38379970008619,31.87830605588995,2082,school,675840076
شرکت توزیع برق استان یزد,54.364680348530754,31.878173678152567,2008,town_hall,675848811
دانشکده علوم انسانی,54.33827272510002,31.834281771596896,2084,college,675967491
دانشگاه علم و هنر,54.33931928037941,31.834689682099818,2081,university,1097561855
بازار طلا کویتی,54.364231163700595,31.88739551966221,2016,market_place,676235903
بیمارستان شهید رهنمون (فرخی),54.36030704855187,31.88635917409599,2110,hospital,676236165
دادگستری یزد,54.357713327120415,31.88637353045218,2009,courthouse,676236414
,54.40580662726599,31.805700295665414,2204,park,1359901709
,54.401563230349645,31.82044774892245,2204,park,1359901709
,54.40125691250053,31.831719314582998,2204,park,1359901709
بوستان شهدا,54.38090775222477,31.917527918596498,2204,park,676291960
بوستان دانشجو,54.38386749174018,31.91561437347006,2204,park,676291962
پارک فخار,54.39647661159051,31.88558655620362,2204,park,676299100
تالار غدیر یزد,54.36127658808292,31.859405917281343,2008,town_hall,676588951
میوه و تربار قدیم,54.387174592365845,31.849384167658343,2016,market_place,677202792
هتل داد,54.36586377397445,31.885835807380076,2401,hotel,9436909
دبیرستان کیخسروی,54.377974056178196,31.877470343467664,2082,school,682131503
,54.39384465806273,31.859965917380354,2204,park,1359901709
,54.39331994154122,31.85948458390621,2204,park,1359901709
,54.39268676640381,31.85889818637796,2204,park,1359901709
مدرسه حجت,54.392124388527186,31.85784231218813,2082,school,693695349
کانون اصلاح و تربیت,54.38934116266779,31.86017108043397,2010,prison,693695638
قلعه,54.389594394681396,31.860975461520574,2731,castle,693696132
مدرسه پسرانه قدس,54.37528683277182,31.898873635930194,2082,school,693699009
باشگاه قدس,54.38164442746373,31.90166889093125,2251,sports_centre,693701607
دانشگاه فرهنگیان یزد,54.392744799312,31.88861252482139,2081,university,722420548
دبستان دخترانه زینی,54.39344153615148,31.88776818309444,2082,school,722420552
پارک ارکیده,54.39429727688859,31.80880815876273,2204,park,722431480
,54.36320673447511,31.809090882438703,2204,park,1359901709
,54.35444879853142,31.813912694236585,2204,park,1359901709
پارک مدیران,54.3461031115639,31.84420897190942,2204,park,722437675
,54.34644667866773,31.84598728013998,2204,park,1359901709
,54.3697976602694,31.849350152675484,2204,park,1359901709
استخر بانوان,54.38977985506149,31.820563941657745,2251,sports_centre,731861958
,54.40327819172654,31.802031345297372,2204,park,1359901709
بیمارستان بهمن یزد,54.37495429081435,31.87917494721671,2110,hospital,750346134
مرکز بهداشت یزد,54.375430983697505,31.878926234602506,2111,clinic,750346531
کافه کوک,54.39051762886203,31.821387649543126,2303,cafe,786421130
مجتمع تجاری آزادی,54.369576235263324,31.882365393169113,2504,mall,788161681
,54.393010755508016,31.859195014815715,2204,park,1359901709
,54.3658432652928,31.881707167080158,2204,park,1359901709
کلینیک آبادیس,54.38371258907097,31.855621470129233,2111,clinic,906346656
قبرستان مسلمانان جوی هرهر,54.378042530400464,31.896362375300555,2015,graveyard,12493450
قبرستان کلیمیان جوی هرهر,54.378085206033475,31.895429136303253,2015,graveyard,12493451
دانکشده پزشکی و داروسازی,54.33862105834128,31.841794982834376,2084,college,13317463
,54.369404365862906,31.848613550167933,2204,park,1359901709
,54.354268743233035,31.849701259767425,2204,park,1359901709
,54.32416003873404,31.846949840163926,2204,park,1359901709
پارک حنا,54.369349576533544,31.8516008949184,2204,park,1051788954
موکب,54.36208250289353,31.874140813895004,2301,restaurant,1056118991
گالری اتومبیل کاپریس,54.38420808016761,31.851111356038174,2541,car_dealership,1057511711
,54.38956663180785,31.81881530707515,2204,park,1359901709
,54.389882966858956,31.817966183837676,2204,park,1359901709
,54.39001836296854,31.817373718014295,2204,park,1359901709
,54.39085263106299,31.81780057783746,2204,park,1359901709
فروشگاه مجتمع مسکونی فرهنگ ۱,54.36302176058351,31.82141200711354,2501,supermarket,1073292591
راهنمایی دخترانه شاهد - افشار,54.357221098947626,31.85945899856415,2082,school,1097561850
دبیرستان پسرانه شاهد,54.35837204917007,31.86051081265527,2082,school,1097561851
دبیرستان نمونه دولتی شهید مجید مرشد,54.36202964065925,31.860001643953407,2082,school,1097561853
سالن ورزشی شهدای نعیم آباد,54.36329845111653,31.85901245890034,2251,sports_centre,1097561854
دانشگاه علم و هنر,54.362406589906016,31.858117080643456,2081,university,1097561855
اقامتگاه بوم گردی خانه خشتی,54.37074046521932,31.89614854377427,2404,guesthouse,14654502
اقامتگاه بوم گردی خانه سیگاری,54.37178175571277,31.896062572824764,2404,guesthouse,1100869253
,54.32958428187502,31.85233099095379,2204,park,1359901709
,54.32941198066688,31.854773293466216,2204,park,1359901709
رستوران شهر غذا,54.399239981304426,31.872330549018397,2301,restaurant,1117682431
,54.38322980431626,31.83003178484134,2204,park,1359901709
,54.32877719879138,31.858554711988297,2204,park,1359901709
,54.3952657166592,31.833504100100292,2204,park,1359901709
بوستان مازاری,54.387979911920944,31.894557499268707,2204,park,1179694822
صحن دانشجو,54.356945905426755,31.833355214553624,2081,university,1202735887
رستوران شاندیز یزد,54.38181903148505,31.856694046943222,2301,restaurant,1210974637
بلوک فردوس,54.397146812754556,31.926991943532787,2015,graveyard,1229215331
,54.396105809745414,31.92829887202649,2204,park,1359901709
,54.390175530841375,31.927699701745745,2204,park,1359901709
,54.390955509967284,31.92811763697585,2204,park,1359901709
,54.37266272217192,31.850358115982978,2204,park,1359901709
,54.37313872633536,31.8505538668828,2204,park,1359901709
,54.37156499730354,31.85062517673568,2204,park,1359901709
بوستان باد و سایه,54.37367231614743,31.804697754726377,2204,park,1239337585
ایستگاه 12 آتش نشانی,54.364881240147696,31.81034239259283,2002,fire_station,1239352503
,54.368445570602525,31.81129916138249,2204,park,1359901709
,54.3483721084034,31.85050737805541,2204,park,1359901709
هایپر راه و ما,54.37671737085473,31.827031130559703,2511,convenience,1243988915
آت راد فود,54.37675810108528,31.826821006861746,2302,fast_food,1243988916
شهرداری حمیدیا,54.390196631447104,31.83409117846767,2008,town_hall,1245763770
ایستگاه شماره 2 آتش نشانی,54.390101772547546,31.833735064778736,2002,fire_station,1245764137
قطعه نام آوران,54.391090601546075,31.928867585730522,2015,graveyard,1249436769
بوستان,54.36596685358952,31.816367481455472,2204,park,1250869910
آب انبار فهادان,54.37128003620279,31.905160882964438,2721,attraction,1270438919
زورخانه فهادان,54.37116626751956,31.90530564707324,2721,attraction,1270438920
خانه نواب وکیل,54.37072897979179,31.904543177166374,2721,attraction,17437293
خانه حیرانی,54.370593380125044,31.90429272343572,2721,attraction,17437294
خانه ملک زاده,54.369064927786354,31.90453679036703,2721,attraction,17437300
خانه خشت و رنگ,54.37004543986339,31.903365606268434,2721,attraction,17437301
,54.36946805,31.90355515,2204,park,1359901709
بقعه دوازده امام,54.37008439420327,31.904933881617296,2723,monument,1270438981
زندان اسکندر,54.37061819431336,31.90518169266774,2721,attraction,17437311
زندان اسکندر,54.37061819431336,31.90518169266774,2721,attraction,17437311
خانه عروسک ها,54.36949580699585,31.899933266577946,2722,museum,1270438991
پارک فرهان,54.38640251926457,31.817808555362923,2204,park,1275177561
,54.35723795212717,31.849147486636237,2204,park,1359901709
,54.357748760688665,31.84922822077439,2204,park,1359901709
مرکز عروس محبوبه زینلی,54.383051004137435,31.865948982894437,2561,hairdresser,1320346530
نمایندگی مدیران خودرو ایوبی,54.36432768236515,31.87105034449664,2541,car_dealership,1347107015
دانشکده پیراپزشکی شهید صدوقی یزد,54.34995385698122,31.8672592455639,2081,university,1359799300
سالن ورزشی,54.349624532494325,31.86652293639563,2251,sports_centre,1359799302
زمین فوتبال,54.34989374686455,31.867137343574512,2252,pitch,1359799304
,54.35205053947913,31.846759942714417,2204,park,1359901709
کافه ساده | cafe saadeh,54.37388502188119,31.90275717006811,2303,cafe,1365500629
عینک تندیس Tandis Optication,54.35851196008881,31.881128729271754,2519,optician,1429709248
name,lon,lat,code,fclass,osm_id
بهارستان,54.364383,31.8889116,2301,restaurant,27293287
بهشتی,54.3645336,31.8891929,2401,hotel,1241954395
بانک ملت,54.3739898,31.8357799,2601,bank,6145548118
بانک ایران زمین,54.3722872,31.8373123,2601,bank,4289122891
بانک صادرات,54.3753736,31.8359868,2601,bank,7312875113
پلی‌کلینیک آموزشی درمانی بقائی‌پور,54.3761879,31.8240317,2111,clinic,2868216894
درمانگاه شبانه روزی کوثر,54.388092,31.8326398,2111,clinic,2903451882
بانک صادرات,54.3866002,31.8318354,2601,bank,7312875113
دخمه زرتشتیان,54.3559371,31.8223336,2721,attraction,5685182970
دبستان دولتی ادب,54.374613,31.8987241,2082,school,2997114178
طلا و نقره علی سلطانی,54.3668523,31.8956557,2520,jeweller,2997325590
بانک صادرات,54.3736524,31.8977754,2601,bank,7312875113
بانک رفاه,54.3742586,31.8975249,2601,bank,6424247685
داروخانه فرخی,54.360797,31.8874484,2101,pharmacy,2999419460
کتاب فروشی فرهنگ,54.35715,31.8876089,2515,bookshop,2999421533
خوان دوحد,54.3772967,31.889055,2301,restaurant,3244104451
آب انبار رستم گیو,54.3744068,31.8860192,2721,attraction,3244104566
هتل سنتی سروش,54.3755241,31.8881213,2401,hotel,3244128814
بانک مسکن,54.3807209,31.8797161,2601,bank,4232393341
بانک ملت,54.3837212,31.8820085,2601,bank,6145548118
بانک سپه,54.3868758,31.8836632,2601,bank,6484133385
آب انبار شش بادگیر,54.3677733,31.8875138,2721,attraction,3244255580
محل اقامت سالاری های زرتشتی,54.3566897,31.8245163,2721,attraction,3244267979
تجارت,54.3806379,31.860053,2601,bank,3244267997
هتل جاده ابریشم,54.3702793,31.900577,2401,hotel,3255099841
ونیز,54.3699825,31.9004098,2303,cafe,3524797228
یزد وی ای پی اپ,54.3825922,31.881193,2546,computer_shop,3536866306
دنیای نرم افزارموبایل,54.3825328,31.8812244,2525,mobile_phone_shop,3662687802
رستوران آریانا,54.3875138,31.8334139,2301,restaurant,3686014912
بابکان,54.3664783,31.8297424,2501,supermarket,3688646537
پارسلی,54.379432,31.827535,2301,restaurant,3688697348
رستاک,54.3764089,31.8360389,2515,bookshop,3688767699
کشاورزی,54.3648286,31.8297676,2602,atm,3690396132
نانوایی تنوری,54.3660083,31.8269718,2502,bakery,12038653968
کرنوپیچ,54.3666286,31.841926,2302,fast_food,3690396143
سپه,54.3796837,31.8382402,2602,atm,3690396145
هتل سنتی والی,54.3700867,31.8957458,2401,hotel,3782277632
هتل سنتی شرق,54.3694026,31.900148,2401,hotel,3784822001
بیمارستان مجیبیان,54.3777046,31.8711327,2110,hospital,3859865528
موزه سکه و مردم شناسی حیدرزاده,54.3723477,31.9050581,2722,museum,3866933680
میدان نخل,54.3702002,31.9016812,2721,attraction,3866935543
بانک اقتصاد نوین,54.3751408,31.8348851,2601,bank,4109904395
موسسه ثامن الحجج,54.3751978,31.834813,2601,bank,4110083789
اداره پست,54.3744936,31.8355525,2005,post_office,4111314395
بانک تجارت,54.3738657,31.8358525,2601,bank,6145548117
مرکز خدمات یونیک,54.3817723,31.8561824,2525,mobile_phone_shop,4124471291
هتل و رستوران سنتی خوان دوحد,54.3768965,31.8889821,2401,hotel,4129986975
قهوه خانه سنتی,54.3692498,31.901732,2303,cafe,4190029207
حمام خان,54.3641237,31.8954911,2301,restaurant,4203811489
مسافرخانه نارنجستان,54.3663046,31.8933095,2404,guesthouse,4230246236
بانک مسکن,54.347132,31.8482082,2601,bank,4232393341
رستوران گل سرخ,54.352524,31.8544015,2301,restaurant,4235953993
اندیشه سبز,54.3580598,31.8436021,2515,bookshop,4247156064
بانک تجارت,54.3877947,31.833075,2601,bank,6145548117
نیو استار,54.3840024,31.840872,2301,restaurant,4247246838
ساندویچ بهارستان,54.370948,31.8823755,2301,restaurant,4247301738
بانک سپه,54.3625275,31.8422128,2601,bank,6484133385
فروشگاه توحید,54.374013,31.8480342,2501,supermarket,4247354485
رستوران سایت,54.3539611,31.8424924,2301,restaurant,4247409122
رستوران کوروش,54.3692101,31.8542557,2301,restaurant,4273661589
دانشگاه پیام نور استان یزد,54.3623878,31.8574198,2081,university,4287275017
پیتزا نوژ,54.3594847,31.8448653,2302,fast_food,4289019191
کافه بن بست,54.3575624,31.8453767,2303,cafe,4289019192
فلافل فلاسیس,54.3596437,31.8450372,2302,fast_food,4289020094
فلافل لبنان,54.3522141,31.8437989,2302,fast_food,4289020393
فلافل مامان جون,54.351416,31.843852,2302,fast_food,4289020394
سوپر تارا,54.3521612,31.8438425,2501,supermarket,4289020492
دکتر سهیلا میرجلیلی,54.3584082,31.8433884,2120,doctors,4289067491
ساندویچ ممتاز,54.3589213,31.8459911,2302,fast_food,4289067493
سوپر میوه جوان,54.3522463,31.8437354,2528,greengrocer,4289075690
رستوران آنیس,54.3566644,31.8428929,2301,restaurant,4289075692
باغ درکه,54.3570692,31.8429192,2541,car_dealership,4289075693
باغ درکه,54.3570692,31.8429192,2541,car_dealership,4289075693
پیتزا میتزا,54.3594736,31.8453102,2302,fast_food,4289075694
سوپر تک,54.3589739,31.8459319,2501,supermarket,4289075695
کافه چوبی,54.35894,31.8463609,2303,cafe,4289075696
مرکز ذرت یزد,54.3602792,31.8465217,2303,cafe,4289075697
پیتزا پ پ,54.3538968,31.8429016,2302,fast_food,4289087690
میوه نارنج,54.3595627,31.8452404,2528,greengrocer,4289087691
کفش صورتی,54.3592885,31.8454779,2517,shoe_shop,4289087692
۳۶۱ درجه,54.3589796,31.8460943,2512,clothes,4289087693
بال اسپرت,54.3591326,31.8467664,2522,sports_shop,4289087694
عینک پروفسور,54.3595697,31.8443583,2519,optician,4289087696
برج و بارو,54.3531991,31.8431406,2301,restaurant,4289094790
سطل های یازیافت,54.3603747,31.8461095,2030,recycling,4289118990
داروخانه دکتر کرامتی,54.3517678,31.8444958,2101,pharmacy,4289119689
چیستا رایانه,54.3591926,31.8445738,2546,computer_shop,4289119690
کامپیوتر ترافیک,54.3549402,31.8426866,2546,computer_shop,4289120389
درمانگاه کسری,54.3588886,31.8443442,2111,clinic,4289121689
ساندویچ میثم,54.3585812,31.8472766,2302,fast_food,4289121690
داروخانه دکتر حیدری,54.3602142,31.8450189,2101,pharmacy,4289121692
پیتزا کالج,54.3589648,31.8443729,2302,fast_food,4289122589
سوپر دانشجو,54.3591376,31.8445248,2501,supermarket,4289122889
بانک ایران زمین,54.3589845,31.8465723,2601,bank,4289122891
پیرایش سان,54.360502,31.8466867,2561,hairdresser,4289128089
بانک ملی,54.3479635,31.8408517,2601,bank,11944115490
خوابگاه یزدیان,54.3360575,31.8565389,2422,camp_site,4292058390
سوپر مارکت جواد الائمه,54.3704933,31.8300576,2501,supermarket,4296753892
نانوایی جواد الائمه,54.3704522,31.8298928,2502,bakery,4296788989
آبمیوه مانی,54.3660929,31.839536,2518,beverages,4304852394
پردیس خوابگاهی٢,54.3620799,31.8443524,2012,community_centre,4304920090
آبمیوه پانی,54.3674122,31.8393359,2518,beverages,4304939289
دراگون,54.3665949,31.8406776,2302,fast_food,4304939489
فروشگاه دکورال,54.3722974,31.8476705,2521,gift_shop,4316008389
هتل لاله,54.3707373,31.8872855,2401,hotel,4330875790
دبیرستان دخترانه هفتم تیر,54.3778806,31.837526,2082,school,4333928699
خورشید,54.3676847,31.8392935,2505,department_store,4333928701
سوپر فرهاد,54.3274429,31.8474527,2501,supermarket,4333928793
درمانگاه ایران مهر,54.3293999,31.849254,2111,clinic,4333981593
نوژ,54.3595915,31.8449569,2302,fast_food,4333988890
هتل رز,54.3660151,31.8884445,2401,hotel,4346351936
سالار,54.3762936,31.835683,2303,cafe,4348281289
داروخانه شبانه روزی دکتر سهروردی,54.3856821,31.8440285,2101,pharmacy,4362369191
دوربین کنترل سرعت,54.4078426,31.7967386,2907,camera_surveillance,4366895713
ساعت مارکار,54.3682998,31.8838072,2721,attraction,4377503094
لاله,54.3969385,31.812318,2501,supermarket,4380984991
اویژه,54.3924267,31.816571,2501,supermarket,4380984992
سوپر مارکت مسعود,54.4048464,31.8171792,2501,supermarket,4381005491
اریا,54.3949352,31.8118596,2501,supermarket,4393035129
اقامتگاه توریستی واحه یزد,54.3720936,31.901399,2405,hostel,4394356390
مهد کودک گلهای بهشت,54.3951309,31.8188445,2083,kindergarten,4405282994
Friendly house hotel,54.3703514,31.9021209,2401,hotel,4409374292
مرکز بازرگانی تیراژه,54.3762035,31.8769978,2546,computer_shop,4415598390
خانه اسکندر,54.3704422,31.902308,2401,hotel,4435663490
کرامت,54.3660526,31.8905625,2303,cafe,4451778694
مهمانخانه امیر چخماق,54.369227,31.8933083,2405,hostel,4451809094
بوم گردی خواجه خضر,54.3662384,31.8908559,2404,guesthouse,4451840889
ملک التجار,54.3680696,31.8948233,2401,hotel,5687080999
رستوران شاه نشین,54.3644611,31.8708562,2301,restaurant,4471788289
فروشگاه مهدیه,54.3740524,31.9029888,2501,supermarket,4496383792
میدان امیرچخماق,54.3694243,31.8938631,2721,attraction,4510445690
هتل جنگل,54.3722046,31.9048383,2401,hotel,4510519790
فرهنگ هتل,54.3651579,31.8890297,2405,hostel,4520705289
مجتمع اموزشی سیدالشهدا,54.3885175,31.8235521,2082,school,4528492500
اقامتگاه کلوت,54.3694811,31.8991613,2405,hostel,4542951288
عمارت ناجی,54.391459,31.8318584,2721,attraction,4551168689
پاچینی,54.3695435,31.837065,2302,fast_food,4555972390
رستوران یکتابخت,54.3607888,31.8765251,2301,restaurant,4568138950
نانوایی,54.3649152,31.8709045,2502,bakery,6145486553
بانک صادرات,54.3864541,31.8956952,2601,bank,7312875113
بانک سپه,54.3729037,31.836513,2601,bank,6484133385
بانک ملی,54.3878857,31.8420516,2601,bank,11944115490
اداره پست منتظرقائم,54.3682748,31.8817838,2005,post_office,4599784189
بیمارستان مادر,54.3604179,31.8761009,2110,hospital,4606679589
مرکز مطالعات وتحقیقات ناباروری یزد,54.3848794,31.8333922,2110,hospital,4621578592
پرواز تفریحی پاراگلایدر,54.3708536,31.8997675,2721,attraction,4639327689
مرکز آموزشی رفاهی فرهنگیان شهید دادرس یزد,54.3816019,31.8620585,2401,hotel,4640215006
ستاد اسکان فرهنگیان یزد,54.381838,31.8615427,2401,hotel,4640215007
هنرستان فنی شهید چمران,54.3822958,31.8618826,2082,school,4669288398
مدرسه حاجی حسنی,54.3819608,31.8696924,2082,school,4674540667
مجتمع آموزشی اختر دانش یزد,54.3755779,31.8680727,2082,school,4674542410
دبیرستان دخترانه علوم و معارف قرانی,54.3637687,31.8887013,2082,school,4674555733
دبیرستان پسرانه جیحون,54.3776162,31.9044101,2082,school,4674559336
بازار مسگرها,54.3652314,31.8969708,2016,market_place,4680582330
مسافرخانه کوله پشتی,54.3699778,31.8940827,2405,hostel,4785477822
موقوفه سرای خان کهنه سرای دوم (بازار طلا فروشان یزد),54.3678673,31.8957336,2721,attraction,4786884183
موقوفه سرای خان کهنه سرای دوم (بازار طلا فروشان یزد),54.3678673,31.8957336,2721,attraction,4786884183
هایپر مارکت طاق بستان,54.3339735,31.8550617,2501,supermarket,4787959721
کافی شاپ دیدار,54.3675963,31.8954464,2303,cafe,4790390865
آینهٔ بخت برادران کلمندی,54.3677084,31.8953496,2544,furniture_shop,4790399480
جواهری امیری,54.367713,31.8953997,2520,jeweller,4790409837
موقوفه سرای خان کهنه سرای اول,54.3676097,31.8958825,2721,attraction,4790420746
پارک هستی,54.3774186,31.8779632,2302,fast_food,4791856123
دوچرخه فروشی,54.3753696,31.8778076,2542,bicycle_shop,4792946824
هتل سنتی باغ مرشد,54.3705506,31.8844765,2401,hotel,4808190630
رستوران توت فرنگی,54.3727765,31.8667496,2301,restaurant,4810756521
فروشگاه آی تکنولوژی,54.3769808,31.8719821,2525,mobile_phone_shop,4824532621
کبابی باباکوهی,54.3490017,31.8751029,2301,restaurant,4886270621
پانیذ کباب ترکی,54.3848841,31.8413293,2302,fast_food,4891132326
موزه زرتشتیان یزد,54.367299,31.881628,2722,museum,4894698021
نانوایی,54.3846095,31.8416442,2502,bakery,6145486553
اقامتگاه بومگردی هفت یازده,54.3768828,31.9022016,2405,hostel,4942925622
مجتمع علمی پژوهشی امام صادق,54.3864501,31.8966744,2007,library,4946966437
کامپیوتر ستاک,54.3564589,31.8853297,2546,computer_shop,4988054921
بلنسی,54.3751247,31.8426286,2301,restaurant,4992928722
آرایشگاه,54.3697727,31.8929267,2561,hairdresser,4997445321
کلینیک تخصصی صبا,54.3821227,31.8500074,2111,clinic,5005160621
مطب دکتر محمد حسین آنتیک چی,54.3759831,31.879786,2120,doctors,5005161321
مطب دکتر محمد حسین ارجمند,54.3754574,31.8797422,2120,doctors,5006814785
داروخانه دکتر ذبیحی,54.3809815,31.8599496,2101,pharmacy,5035014721
موزه آب,54.3684303,31.8949968,2722,museum,5056972686
سالن زیبایی دلارام,54.3794342,31.8416572,2529,beauty_shop,5060396922
هتل هفت یازده,54.3769632,31.9021315,2401,hotel,5078153121
بانک ملی,54.3414066,31.852888,2601,bank,11944115490
chichak gallery,54.3692252,31.9015847,2725,artwork,5110353222
ترمه رضایی,54.3691006,31.9011183,2521,gift_shop,5110353423
Rezaei Termeh,54.3675205,31.8953849,2725,artwork,5110353424
نمایندگی مجاز تویوتا و رنو توانگر,54.4010168,31.8735013,2541,car_dealership,5110355522
نانوایی تافتون,54.3389359,31.856009,2502,bakery,5116662923
فرماندهی انتظامی شهرستان یزد,54.3720276,31.8999997,2001,police,5121868623
بانک ملی,54.3738651,31.8995752,2601,bank,11944115490
کاریزما,54.3690716,31.9019305,2303,cafe,5158268621
دبستان دینیاری,54.3738994,31.8840055,2082,school,5163398881
اقامتگاه بوم گردی خشت آباد,54.3737036,31.8957499,2404,guesthouse,5163698105
اقامتگاه بوم گردی رخشین,54.3662899,31.8865267,2404,guesthouse,5163698106
هتل سنتی فیروزه یزد,54.3745941,31.8973485,2401,hotel,5173758083
سبزیجات اماده بهار,54.3591458,31.8468703,2528,greengrocer,5174108624
سبزیجات اماده کاکوتی,54.3694434,31.8462343,2528,greengrocer,5174109809
سبزیجات اماده ترنج,54.3732875,31.8477899,2528,greengrocer,5174127461
سبزی خرد کنی,54.3698837,31.8510754,2528,greengrocer,5174128843
هتل تاریخی لب خندق,54.366172,31.8986511,2401,hotel,5175199765
آب انبار گلشن,54.3708122,31.8877337,2721,attraction,5204831850
قلعه اسدان ستی پیر (اسدان),54.3872058,31.9115297,2721,attraction,5204897725
اقامتگاه بوم گردی خانه خورشید,54.3690661,31.9021601,2404,guesthouse,5204897733
خانه وزیری,54.3691975,31.9023445,2721,attraction,5204897734
خانه حظیره یزد,54.3693182,31.9028842,2721,attraction,5204897736
حمام سنتی میرزا رضا,54.3705654,31.9028341,2721,attraction,5204897737
داروخانه,54.3763871,31.8248053,2101,pharmacy,11949178792
فروشگاه همایی راد,54.3865862,31.8796622,2511,convenience,5240248535
Nemona Sandwich,54.374513,31.9036231,2302,fast_food,5242697521
کمپ آزاد,54.3713178,31.9047905,2424,caravan_site,5243086221
خانه سه نیک,54.3729262,31.8826521,2401,hotel,5268198423
Falafel Restaurant,54.3705407,31.8932728,2302,fast_food,5293790225
دوج برگر,54.3604565,31.8208851,2301,restaurant,5307868421
شاه مردان,54.3787024,31.8659643,2301,restaurant,5431931021
کافه عدسی پناهنده,54.3658015,31.8962237,2303,cafe,5431931022
حمام عمومی میرزا رضا,54.3704055,31.9028648,2721,attraction,5448172330
کافه,54.3726313,31.8807263,2303,cafe,5448179522
میوه فروشی,54.3391516,31.8558412,2528,greengrocer,5455972621
مرکز خرید مادر,54.3390571,31.8559515,2501,supermarket,5456000621
عینک مرکزی بی نظیر,54.3669844,31.8878998,2519,optician,5461625934
مطب دکتر کامجو/دکتر فخرالدینی,54.3631544,31.814348,2111,clinic,5467541621
سبزی آماده,54.3390463,31.8559786,2541,car_dealership,5484420621
قصابی,54.3390316,31.8560091,2516,butcher,5484420821
خانه بوم‌گردی سیگاری,54.3703393,31.8963193,2405,hostel,5511705231
شیرینی سنتی یزد,54.3822964,31.8397165,2502,bakery,5513794221
بانک ملت,54.3804858,31.8531789,2601,bank,6145548118
جواهری علیخانی,54.3684821,31.8961454,2520,jeweller,5542903314
جواهری رادنیا,54.36427,31.88709,2520,jeweller,5576661770
زورخانه صاحب الزمان(عج),54.3693189,31.8943877,2252,pitch,5586787321
آژانس مسافرتی ایرانیان,54.3728522,31.8917371,2567,travel_agent,5589039821
هتل کوروش,54.3709154,31.9043537,2529,beauty_shop,5592460221
مامورسرا مخابرات یزد,54.3819729,31.8711388,2406,chalet,5596885421
بانک صادرات,54.3731821,31.8803593,2601,bank,7312875113
هتل ترمه,54.370432,31.9016452,2401,hotel,5627447521
آیسا مبل,54.3778895,31.8693406,2544,furniture_shop,5619823023
بانک صادرات,54.3808175,31.8620146,2601,bank,7312875113
بانک صادرات,54.3860454,31.8436432,2601,bank,7312875113
شهداد,54.3706712,31.9026178,2401,hotel,5619849123
هتل ترمه,54.3704996,31.9016551,2401,hotel,5627447521
Padiav Home,54.3726514,31.9029199,2404,guesthouse,5630173221
هتل سنتی علی بابا,54.3694845,31.9012811,2401,hotel,5644421680
کارواش,54.3806712,31.8485976,2564,car_wash,5678001459
فروشگاه جعفری,54.3796402,31.8471877,2543,doityourself,5678004518
آژانس مسافرتی,54.381061,31.84535,2567,travel_agent,5678010546
نانوایی سنگک,54.3798116,31.8465831,2502,bakery,12030231108
میوه یاسی,54.3792484,31.8468597,2528,greengrocer,5678016881
سوپر مارکت,54.3803935,31.8458382,2501,supermarket,6428512586
رستوران نگین,54.3859469,31.8533185,2301,restaurant,5678022289
ساندویچ بهار,54.381191,31.8603259,2301,restaurant,5678029325
نانوایی ماشینی,54.3811675,31.8604267,2502,bakery,11757127043
سوپر مارکت,54.3812063,31.8603014,2501,supermarket,6428512586
سوپر مارکت,54.3801237,31.8621134,2501,supermarket,6428512586
بانک دی,54.3799617,31.8626446,2601,bank,5678040930
بانک قوامین,54.3799949,31.8625864,2601,bank,6776356871
بانک ملی,54.3800325,31.8624569,2601,bank,11944115490
رستوران,54.3800413,31.8623649,2301,restaurant,5678046057
فست فود تاکو,54.377976,31.8318267,2302,fast_food,5684278045
شب خوب,54.3869839,31.8399974,2302,fast_food,5684327360
آتشکده زرتشتیان,54.3729294,31.8809849,2721,attraction,5685060623
فروشگاه محصولات اپل iStore,54.3624605,31.8402421,2525,mobile_phone_shop,5685144968
دانشگاه غیر انتفاعی امام جواد ع,54.3727134,31.829782,2081,university,5685144970
دانشگاه علمی کاربردی جوادالایمه,54.3616662,31.8222953,2081,university,5685144971
هنل صفاییه,54.3779001,31.8400778,2401,hotel,5685182968
دخمه زرتشتیان,54.3576005,31.8240481,2721,attraction,5685182970
پارک بزرگ شهر - مارکار,54.3970958,31.8764918,2204,park,5685182971
ملک التجار,54.3656399,31.8955233,2401,hotel,5687080999
پیتزا فروتن,54.3478427,31.8768533,2302,fast_food,5687150052
داروخانه شبانه روزی دکتر شفیعی,54.3705098,31.8381677,2101,pharmacy,5687363901
کلینیک دندانپزشکی ایران,54.3607924,31.8205537,2121,dentist,5687363902
سینما تک,54.3780064,31.8317482,2203,cinema,5687363903
مرکز خرید آریا,54.3791939,31.8309945,2504,mall,5687363904
استخر عدالت,54.3557149,31.8647938,2253,swimming_pool,5687363905
KFC,54.3624127,31.841222,2302,fast_food,5687700931
بال و بازو کبابی,54.3652138,31.8235374,2306,food_court,5687726461
ورودی دانش دانشگاه یزد,54.3552615,31.8389346,2081,university,5687756112
دانشگاه علمی کاربردی دارالعلم,54.361701,31.8540066,2081,university,5687913779
هلچین,54.3706443,31.8493341,2529,beauty_shop,5716980721
Ab Mive,54.3659291,31.890779,2303,cafe,5731762794
هتل سنتی پارس,54.374354,31.9059455,2401,hotel,5865382786
ورودی فناوری دانشگاه یزد,54.3612224,31.8398642,2081,university,5867587337
Yazd Hostel,54.367724,31.8982835,2405,hostel,5894259586
Cafe Gram,54.3693111,31.8936534,2303,cafe,5894867985
Supermarkt,54.3692394,31.9008056,2501,supermarket,5896314985
فروشگاه عقیق,54.4011549,31.8163598,2501,supermarket,5896729086
ورودی گرانیتی - درب اصلی دانشگاه یزد,54.3619654,31.8368906,2081,university,5907654659
آب آشامیدنی,54.368051,31.8962878,2903,drinking_water,5926529615
Labkhand Fast Food,54.3707758,31.8979868,2302,fast_food,5933717945
Sitasafar,54.3710575,31.892641,2567,travel_agent,5963759286
دبیرستان پسرانه دوره دوم امام حسین(ع),54.35449,31.8753768,2082,school,5987103986
هتل ترنج,54.3710954,31.9032229,2401,hotel,5994562285
سبزیجات آماده نارنج,54.3795571,31.8474805,2528,greengrocer,5994630506
سلف سرویس کربلا,54.3706266,31.8929642,2302,fast_food,6031601085
Café Bistrow,54.3666876,31.8395654,2303,cafe,6052335585
فست فود ابوذر,54.3620703,31.844548,2302,fast_food,6080996885
قهوه خانه و قلیان سرا,54.3546279,31.8534483,2303,cafe,6080996985
بانک ملی,54.3760409,31.8541334,2601,bank,11944115490
دفتر تورهای پیاده روی رایگان,54.3703867,31.9018184,2721,attraction,6126548151
پادمهر,54.3542098,31.8539244,2501,supermarket,6138793712
سرامو,54.3514318,31.8529074,2561,hairdresser,6138825193
تاپ لند,54.3526457,31.8522013,2512,clothes,6138826188
بانک تجارت,54.3769366,31.873375,2601,bank,6145548117
بانک کشاورزی,54.3759893,31.876212,2601,bank,6776364363
بانک رفاه,54.375831,31.8765486,2601,bank,6424247685
بانک سپه,54.3768757,31.9063996,2601,bank,6484133385
سلف غذاخوری دانشگاه,54.3405713,31.8415722,2301,restaurant,6140929851
نانوایی,54.383735,31.8452877,2502,bakery,6145486553
آرایشگاه مردانه,54.3836633,31.8455116,2561,hairdresser,6145489292
خدمات پلیس +۱۰,54.3819168,31.8525166,2001,police,6145492578
بانک رسالت,54.3877789,31.8421978,2601,bank,6145545781
بانک سپه,54.3859479,31.8433873,2601,bank,6484133385
بانک تجارت,54.3859672,31.8432464,2601,bank,6145548117
بانک ملت,54.3856481,31.8424931,2601,bank,6145548118
سوپر مارکت و عطاری,54.3860853,31.8433548,2501,supermarket,6145548123
سوپر مارکت,54.3810046,31.8450069,2501,supermarket,6428512586
رستوران شازده,54.3739027,31.8935962,2301,restaurant,6146787385
بادگیر قدیمی,54.3693429,31.8942533,2721,attraction,6157827086
رستوران شگالیو,54.3839573,31.8414715,2301,restaurant,6186094389
اقامتگاه سنتی خانه شما یزد,54.3749435,31.9038875,2401,hotel,6242042086
نانوایی سنگک,54.3800669,31.8392357,2502,bakery,12030231108
میوه فروش,54.3803782,31.8390633,2528,greengrocer,6295068286
خانه سنتی پستو,54.3768001,31.8887776,2404,guesthouse,6312241584
زورخانه,54.38545,31.8421525,2252,pitch,6322734514
درمانگاه قائم,54.385616,31.8432327,2111,clinic,6322749336
مجمع امور صنفی یزد,54.3759489,31.8794981,2012,community_centre,6329244291
بانک پارسیان,54.3743461,31.8796186,2601,bank,11049256435
کلانتری,54.3737159,31.8779719,2001,police,6329259072
بانک صادرات,54.3737437,31.8797419,2601,bank,7312875113
داروخانه شبانه روزی,54.3739341,31.8795414,2101,pharmacy,6329261998
موسسه کوثر,54.3742428,31.8790971,2601,bank,6332914954
سنگکی,54.3860242,31.8831278,2502,bakery,6362079689
نانوایی سنگکی,54.3912369,31.8880024,2502,bakery,6362115185
پیتزا همبر ۱۳,54.3889927,31.839044,2302,fast_food,6366690613
مدرسه دخترانه دوره دوم حمیده خیراندیش,54.3948669,31.8335269,2082,school,6366691286
سوپرمارکت,54.3826955,31.8812563,2501,supermarket,6424247785
بانک صادرات,54.380587,31.8798726,2601,bank,7312875113
بانک رفاه,54.3795526,31.8792209,2601,bank,6424247685
سوپرمارکت,54.3794923,31.8790427,2501,supermarket,6424247785
میوه فروشی کارگر,54.3815583,31.8842183,2528,greengrocer,6424890085
بانک پاسارگاد,54.3765208,31.8745719,2601,bank,6424916885
داروخانه آرمان,54.3767533,31.8776495,2101,pharmacy,6424943085
سکی,54.3743224,31.9035089,2405,hostel,6427392085
سبزی فروشی,54.3800314,31.8793642,2528,greengrocer,6432290885
سوپر مارکت,54.3778649,31.8781468,2501,supermarket,6428512586
داروخانه دکتر قاسمی,54.3770472,31.8744475,2101,pharmacy,6429807885
خشکشویی,54.3864353,31.8734734,2568,laundry,6432266886
سبزی فروشی,54.3844598,31.8752112,2528,greengrocer,6432290885
کلینیک سرطان دکتر سیدمحمدرضا مرتضویزاده,54.3556653,31.8856369,2120,doctors,6438346489
داروخانه دکتر مربی,54.3773274,31.8717052,2101,pharmacy,6466747285
بانک سپه,54.3688697,31.8387545,2601,bank,6484133385
خانه معلم شهید دادرس یزد,54.3814826,31.8617499,2401,hotel,6497355485
داروخانه دکتر وکیلیان,54.3846753,31.8714012,2101,pharmacy,6506253785
بيمه سلامت يزد,54.3794382,31.8791213,2005,post_office,6579525085
زورخانه ابوالفضل,54.3735722,31.905201,2252,pitch,6676695092
مانتو اكسيژن,54.3576439,31.8830601,2512,clothes,6757860815
کامپیوتر ایران زمین ( خرید ، فروش ، تعمیرات,54.3594472,31.8448464,2546,computer_shop,6774791775
داروخانه امامی,54.3932347,31.8907966,2101,pharmacy,6776356866
دانشگاه فاطمه زهرا یزد,54.3929341,31.8889477,2081,university,6776356869
بانک قوامین,54.3933385,31.8917484,2601,bank,6776356871
بانک کشاورزی,54.3891842,31.8858725,2601,bank,6776364363
داروخانه,54.3935686,31.8917082,2101,pharmacy,11949178792
شهربازی,54.3971393,31.8799004,2744,theme_park,6776485900
مبل کسری Kasra Furniture,54.3801794,31.8853697,2544,furniture_shop,6789986285
Mirza Reza Traditional & Historical Bath,54.3703741,31.9028515,2721,attraction,6794591847
Traditional Qanat Hotel,54.3717588,31.9045501,2401,hotel,6794595917
Yazali Museum,54.3686419,31.9010854,2722,museum,6794617518
Hammam,54.3641252,31.8953795,2721,attraction,6794620751
موزه آیینه و روشنایی یزد,54.3812808,31.8577517,2722,museum,6794905561
هنرستان پسرانه آفرینش هنر,54.3695748,31.8481752,2082,school,6797383866
پیتزا پدربزرگ,54.3691997,31.8479479,2301,restaurant,6797383867
Cafe Q,54.3596661,31.8452097,2303,cafe,6797383868
دندانپزشکی دکتر زهرا رضایی,54.3657528,31.8504774,2121,dentist,6797383869
رستوران ایتالیایی کترووا,54.366099,31.8507554,2301,restaurant,6797383870
ذبیرستان پسرانه امام سجاد,54.3690363,31.8491541,2084,college,6797383871
پله به پشت بام,54.3687865,31.8965794,2721,attraction,6813666288
کتابخانه عمومی فرخی یزدی,54.3774549,31.8653289,2007,library,6823182385
کافه تایم یزد,54.3798503,31.8704673,2303,cafe,6849448427
علیرضا محقق,54.3952151,31.8250818,2120,doctors,6852588885
تاج برگر,54.3858324,31.8219767,2301,restaurant,6853409495
اغذیه جنوب,54.3720685,31.8362283,2302,fast_food,6855694085
کافه‌چی,54.366402,31.8860271,2303,cafe,6855694086
سونوگرافی و رادیولوژی دکتر بقائی,54.3687449,31.8815743,2120,doctors,6858171885
Coffee & drink Cold - Take away,54.3680196,31.8982626,2303,cafe,6860078485
Wheat Traveler House,54.3717594,31.9041402,2405,hostel,6861229885
کافه جنوب,54.3721425,31.8361107,2303,cafe,6899733985
مزون شبنم,54.3865115,31.8730928,2512,clothes,6942732355
Mani Burger,54.360953,31.8462424,2301,restaurant,6943241997
Wheat,54.3716595,31.9040203,2405,hostel,6948600591
کافه رستوران اسپرلوس,54.3616774,31.8470921,2301,restaurant,7012220813
نانوایی یزدی,54.3768359,31.8792352,2502,bakery,7016107221
مجتمع امام رضا پیراپزشکی,54.3513792,31.8684565,2081,university,7059385104
سوپر یاس,54.380598,31.8484927,2511,convenience,7064031746
کبابی و صبخانه,54.3806544,31.8485474,2301,restaurant,7064056289
کباب ناب,54.3810701,31.8486043,2302,fast_food,7064056608
میوه فروشی نادر,54.3805364,31.8484435,2511,convenience,7064057183
بوتیک مَروین,54.3585875,31.8471872,2512,clothes,7116456403
بازی فکری اسباب بازی و اموزشی  بازینو,54.3779027,31.8781753,2526,toy_shop,7173206607
آرا,54.3744427,31.8972203,2401,hotel,7177430787
لوازم التحریر چمران,54.3780951,31.8783478,2523,stationery,7177610904
کافه تیک,54.3733034,31.8477786,2303,cafe,7190090062
ساندویچ  گلبهار,54.3790862,31.8786253,2302,fast_food,7202184734
نانوایی چمران,54.3790312,31.8785859,2502,bakery,7203490969
بانک صادرات,54.3596958,31.8771727,2601,bank,7312875113
لوازم یدکی اتومبیل رضا,54.3921981,31.8803524,2501,supermarket,7540372881
Noyan Fanavari Diana - Central Office,54.3336196,31.8512733,2501,supermarket,7574685255
Khaled Quale ق‌هاله,54.3661543,31.8980654,2731,castle,7598036386
گالری بابانوئلBaba Noel Gallery,54.3686601,31.8455607,2521,gift_shop,7688391401
سالن زیبایی پگاه,54.3786257,31.8284134,2561,hairdresser,7727105630
گروه پوشاک کاردو,54.3801145,31.8635303,2512,clothes,7734685389
لوازم آرایشی سعید,54.3700301,31.8824897,2501,supermarket,8007628508
مجتمع تجاری سیدالشهدا,54.3699052,31.8821929,2501,supermarket,8007632517
بیفتک | سفارش آنلاین گوشت یزد | Beeftak,54.3820588,31.8259224,2516,butcher,8308243588
اقامتگاه دلخش,54.3710317,31.9021916,2404,guesthouse,8349138318
کافه رستوران ربانزو,54.372541,31.8456885,2301,restaurant,8361109546
سالن زیبایی هما,54.3534029,31.8835618,2529,beauty_shop,8446544039
کلینیک حاجی مقصودی,54.3722579,31.8313822,2111,clinic,8762787996
مرکز خدمات جامع سلامت شهید فرشاد (مسکن),54.3827051,31.8707745,2111,clinic,8762815672
کافه لیلو,54.3748023,31.835741,2303,cafe,8790597603
اقامتگاه سنتی عندلیبان,54.3731115,31.9041561,2401,hotel,8805487317
تعمیرات دوچرخه اطلسی,54.3731187,31.8359605,2542,bicycle_shop,8911716717
پوشاک رجال,54.3674154,31.8925887,2512,clothes,9000228183
کلانتری ۱۲ قائم,54.3728225,31.9001271,2001,police,9016243818
کافه رستوران اربابان,54.3798921,31.8792453,2303,cafe,9083538956
فروشگاه ارگانیک وکیل,54.379966,31.879306,2501,supermarket,9083587683
فروشگاه ارگانیک وکیل,54.3390073,31.8560723,2501,supermarket,9083587683
عمده فروشی وکیل,54.3769695,31.8526275,2501,supermarket,9083591522
آترینو,54.3746113,31.8586472,2561,hairdresser,9105100634
نمایشگاه اتومبیل یک دو سه,54.3534279,31.8735438,2504,mall,9238484639
سالن زیبایی تاج,54.400248,31.8609104,2529,beauty_shop,9312695425
رستوران مهر يزد,54.3890264,31.8733054,2301,restaurant,9324863684
فلافلی آبادان,54.3541831,31.852993,2302,fast_food,9355482418
گروه آواتل,54.3781341,31.8727188,2525,mobile_phone_shop,9426015342
پوشاک سایز بزرگ زنانه وست,54.3646712,31.8713815,2512,clothes,9582624431
دبستان دخترانه زکیه,54.3730762,31.8497353,2082,school,9665510843
استخر زمزم,54.3290796,31.8524266,2253,swimming_pool,9665510861
دبیرستان نمونه دخترانه اویسی,54.3726986,31.8502872,2082,school,9665510881
عمارت وکیل,54.3856865,31.8437463,2301,restaurant,9713297917
خانه سنتی و رستوران هفت خوان,54.3625751,31.8933041,2301,restaurant,9725922151
دبیرستان پسرانه دوره اول امام حسین(ع),54.3545848,31.8744956,2082,school,9788594078
ساختمان پزشکان تریتا,54.3573046,31.8781794,2120,doctors,9810990034
دبیرستان پسرانه شاهد جعفری نعیمی,54.3592319,31.8511764,2082,school,9811554689
بازرگاني سايتل,54.3772292,31.8722981,2544,furniture_shop,9847892360
بومگردی شمس تبریزی,54.372388,31.9029803,2405,hostel,9850433500
کافه رستوران مسیح,54.3626321,31.8277798,2303,cafe,9870364986
موبایل و لوازم جانبی مستر آزاد,54.3625963,31.848159,2525,mobile_phone_shop,9897011300
Romano,54.3364004,31.8568635,2301,restaurant,9993204907
فست فود رومانو 03538218021,54.3364206,31.8567794,2302,fast_food,10004958750
الویه مهروند شعبه مدرس,54.3909363,31.8541995,2302,fast_food,10009222074
Venice Coffee,54.3683628,31.900596,2303,cafe,10015119701
Zaman Café,54.3706124,31.8999439,2301,restaurant,10015159246
باشگاه دانشجویان یزد,54.3577223,31.8388803,2081,university,10045268394
فروشگاه تاسیسات نوین شجره,54.3720534,31.8662434,2543,doityourself,10072648342
Papasi cafe,54.3695173,31.9004728,2301,restaurant,10075242206
Tourism cafe,54.3688803,31.8391395,2303,cafe,10075259241
Adobe Al-Mamalek Hotel,54.366465,31.8985844,2401,hotel,10075312345
رستوران سنتی عمارت عقیق,54.3767073,31.8868831,2301,restaurant,10090338220
داروخانه دکتر ابریشم دکتر افلاطونیان,54.3569639,31.8756307,2101,pharmacy,10106270967
دکتر زهرا نظامی,54.3765318,31.8244091,2111,clinic,10173046681
دکتر منصور سعادتی,54.3833703,31.8555727,2120,doctors,10180298283
هنرستان هنرهای زیبا,54.356251,31.8569225,2082,school,10183161485
بوتیک هتل هومان یزد,54.3670558,31.8985422,2401,hotel,10212522289
هتل دالان,54.3712192,31.8837711,2401,hotel,10212643301
پوشاک زنانه گلاویژ,54.3892094,31.8537164,2512,clothes,10259173092
دبیرستان دخترانه ادب,54.3777376,31.8988127,2082,school,10284388039
باربیکیو,54.3759897,31.836296,2302,fast_food,10294027797
هایپر جامینو مرکز خرید,54.3946089,31.8280654,2501,supermarket,10296614691
کتابخانه حضرت زهرا (س),54.3966139,31.8175375,2007,library,10296652656
دبستان پسرانه جمشیدی,54.3990455,31.8172035,2082,school,10296662089
میوه فروشی بهار,54.4014256,31.8528404,2528,greengrocer,10550639377
هتل رویای قدیم,54.3718475,31.8901478,2401,hotel,10595713048
اقامتگاه سنتی الماس یزد,54.3714103,31.901584,2401,hotel,10595749030
هتل پردیسان,54.3686235,31.8832608,2401,hotel,10595750595
هتل دوستانه,54.3704521,31.9023542,2401,hotel,10595753314
اقامتگاه بوم گردی کوبه,54.3656677,31.8926619,2401,hotel,10595772283
اقامتگاه بومگردی عمارت بانو,54.372907,31.9056132,2401,hotel,10595776188
هتل رستوران دالان بهشت,54.3717523,31.9017069,2401,hotel,10595846708
اقامتگاه سنتی شمعدونی,54.373949,31.9036322,2401,hotel,10595859513
اقامتگاه بوم گردی شهرزاد یزد,54.3736929,31.8869366,2401,hotel,10595859514
هتل آواسا یزد,54.3748637,31.8974533,2401,hotel,10595870438
هتل رستوران راه و ما,54.3761873,31.8257875,2401,hotel,10595878365
هتل حس خوب,54.367788,31.8982901,2401,hotel,10595922586
هتل خوان سالار,54.3767399,31.9020417,2401,hotel,10595930688
اقامتگاه بوم گردی سنتی گنجه,54.3663168,31.8870733,2401,hotel,10595936187
هتل مالمير,54.3761283,31.9023274,2401,hotel,10595950140
هتل گیتی,54.3726683,31.9047787,2401,hotel,10595966922
کلینیک دندانپزشکی بهار,54.363682,31.8750094,2121,dentist,10617501495
جمعیت هلال احمر شهرستان یزد,54.3757716,31.8754508,2111,clinic,10677818385
فرش دستباف خانی,54.3640231,31.896338,2505,department_store,10767024605
دبیرستان پسرانه ملاصدرا,54.3748757,31.8868433,2082,school,10823521696
داروخانه دکتر ثقفی,54.3603054,31.8854201,2101,pharmacy,10839248662
خشکشویی معین,54.3452688,31.8475612,2568,laundry,10840503895
boutique hotel darbar | بوتیک هتل دربار,54.3744715,31.8857002,2401,hotel,10846649312
Roseland رزلند,54.3852384,31.8419441,2513,florist,10858763631
هایپر گندم,54.3868861,31.8997733,2501,supermarket,10862004398
کلینیک دندانپزشکی فرهنگ,54.3595143,31.845031,2121,dentist,10968953558
کلینیک زیبایی دکتر عاطفه رحیمی,54.3818782,31.8521686,2120,doctors,10973280619
کافه رهاو,54.3731618,31.8483829,2303,cafe,11005544270
دکتر علی عقیلی,54.3841219,31.8408691,2121,dentist,11016778718
لباس زیر مادام,54.3779076,31.8365073,2512,clothes,11045614748
بانک پارسیان,54.3856017,31.8417707,2601,bank,11049256435
سوپر پروتئین سیانا,54.3845646,31.8654598,2516,butcher,11083198824
کباب سرای خندان شعبه 2,54.3550218,31.8162235,2301,restaurant,11097035801
سوپر لیمو,54.3990666,31.8542769,2511,convenience,11111178978
فروشگاه ایساتیس( مرشدی),54.3841602,31.851126,2543,doityourself,11111297138
گل فروشی گل برای گل,54.369463,31.8441928,2513,florist,11118587327
مسترمبل,54.3811699,31.8845122,2544,furniture_shop,11136169116
کفش محمد,54.3874648,31.8898484,2517,shoe_shop,11151744674
بوتیک هتل کتروا,54.3672971,31.8908606,2401,hotel,11200310037
عینک معین,54.3615913,31.8749279,2519,optician,11219786813
هایپرمارکت زاگرس,54.3843546,31.8410894,2501,supermarket,11297185057
هایپر یو,54.3784913,31.8462184,2501,supermarket,11297339601
رستوران دورهمی یزد,54.3623579,31.8247916,2301,restaurant,11329560248
مزون امیر,54.3723405,31.8465248,2512,clothes,11348130972
جوجه رسمی اقایی,54.3287193,31.8550446,2516,butcher,11364433031
نمایشگاه اتومبیل آرمان,54.3978594,31.8549986,2541,car_dealership,11365838981
مدرسه ولی عصر,54.3869054,31.8877554,2082,school,11374945431
رستوران اطلس,54.3790466,31.8273896,2301,restaurant,11391617119
بوستان بهشت,54.3947657,31.9261834,2204,park,11397747893
بلوک جنان 1,54.395479,31.9263017,2015,graveyard,11397751906
بلوک جنان 2,54.3964376,31.9261425,2015,graveyard,11397754653
بلوک رحمت 1,54.3967859,31.929604,2015,graveyard,11397756376
بلوک معراج 3,54.3937312,31.9275072,2015,graveyard,11397756507
بلوک معراج 5,54.3946424,31.928232,2015,graveyard,11397768291
بلوک معراج 5,54.3942671,31.9287343,2015,graveyard,11397768291
بلوک معراج 1,54.3933616,31.926699,2015,graveyard,11397769679
بلوک معراج 6,54.3932928,31.929408,2015,graveyard,11397771433
بلوک معراج 2,54.3918015,31.9275817,2015,graveyard,11397773010
بلوک معراج 4,54.3921962,31.9282517,2015,graveyard,11397773849
بلوک سبحان,54.3980489,31.9284831,2015,graveyard,11397795791
نقره رحیمی,54.3722259,31.8477671,2520,jeweller,11496764925
فروشگاه شهر جانبی یزد,54.3798118,31.864029,2525,mobile_phone_shop,11514320188
گندم,54.3695554,31.8348872,2512,clothes,11522153580
آرایشگاه مهروماه,54.3647997,31.8507378,2561,hairdresser,11539692666
بازارچه میوه شهرداری,54.3856075,31.8316588,2016,market_place,11583781639
موزه دیدنی های یزد,54.3701379,31.8940346,2722,museum,11584056092
کافه میلانو,54.3617253,31.8744509,2303,cafe,11586121370
شهر جانبی یزد shahr janebi yazd,54.3798267,31.8639876,2525,mobile_phone_shop,11592365541
مطب دکتر مهدی کریمی فوق تخصص ریه,54.3554833,31.8853119,2120,doctors,11594280819
نانوایی تنوری,54.3663123,31.8514491,2502,bakery,12038653968
بلوک رحمت 2,54.3957845,31.9317894,2015,graveyard,11617766152
مهدیه,54.3951474,31.9316813,2015,graveyard,11617795846
لادن,54.3688315,31.8155232,2501,supermarket,11627344603
نانوایی تنوری,54.3639095,31.8129613,2502,bakery,12038653968
دبستان پسرانه جواد الائمه,54.376058,31.8317884,2082,school,11627393614
دبستان دخترانه جواد الائمه,54.3766266,31.8318385,2082,school,11627411510
ساختمان پزشکان ایران,54.3778611,31.8725442,2111,clinic,11639828853
مجتمع پزشکان سینا,54.3790815,31.8727034,2120,doctors,11639837690
داروخانه هلال احمر یزد,54.3677108,31.8817845,2101,pharmacy,11639886176
پیرایش و آرایشگاه کلاسیک,54.3375178,31.8620877,2561,hairdresser,11727385058
نانوایی سنگک,54.360499,31.8187136,2502,bakery,12030231108
تالار عروسی فرهنگیان,54.3806328,31.8337545,2401,hotel,11746639036
استخر شنای فرهنگیان,54.3815984,31.8344198,2253,swimming_pool,11746656296
مدرسه امام حسن مجتبی,54.3801232,31.8346842,2082,school,11746660753
نانوایی ماشینی,54.3620668,31.8085252,2502,bakery,11757127043
رستوران راک,54.3752419,31.8770658,2301,restaurant,11759000834
مزون نورا,54.3795277,31.8642902,2512,clothes,11760251620
الویه مهروند,54.3792725,31.878802,2501,supermarket,11763334302
عينك آركا,54.3562758,31.886387,2519,optician,11775086501
مجموعه زیرزمینی تاریخی دروازه مهریز,54.3682346,31.8964581,2721,attraction,11796041371
رستوران نادر کباب,54.3605286,31.8211646,2302,fast_food,11804811112
هنرستان پسرانه شهدای نعیم آباد,54.3714823,31.8569637,2082,school,11834608825
نانوایی کرونو,54.3716862,31.8564056,2502,bakery,11834612605
نانوایی تنوری,54.3594039,31.8907399,2502,bakery,12038653968
فست فود ترد و خاص,54.3539833,31.8426377,2302,fast_food,11865559693
گیتا مد(پوشاک و کیف و کفش زنانه),54.3697528,31.882691,2512,clothes,11898859475
مجموعه عینک مهران,54.3659551,31.8894098,2519,optician,11900948753
دکتر سرتیپ زاده(متخصص قلب),54.3583186,31.8763567,2120,doctors,11903647197
دکتر گلشن(متخصص نوزادان),54.3573005,31.8799122,2120,doctors,11903676175
سوپرگل اورینتال,54.3964319,31.8674142,2513,florist,11909583773
قهوه خانه و چایخانه سنتی تاج,54.3828689,31.9080509,2303,cafe,11918257038
داروخانه,54.3568424,31.884811,2101,pharmacy,11949178792
رادیولوژی و سونوگرافی دی,54.3587146,31.8816816,2120,doctors,11944034743
بانک ملی,54.3583069,31.8816224,2601,bank,11944115490
آرایشی گل یخ,54.364221,31.8498935,2514,chemist,11944665745
داروخانه,54.3794386,31.8260977,2101,pharmacy,11949178792
مهمانسرای بیمارستان شهید صدوقی,54.379047,31.8252818,2404,guesthouse,11949236064
نانوایی سنگک,54.3802298,31.8253114,2502,bakery,12030231108
اورژانس اطفال بیمارستان شهید صدوقی,54.379857,31.8247553,2110,hospital,11949323643
آموزشگاه مراقبت و زیبایی رویال,54.3815583,31.8357433,2561,hairdresser,11953394880
باشگاه انرژی,54.3857896,31.8126074,2251,sports_centre,11971895878
پارس طلا - مرکز تولید و پخش طلا,54.3670056,31.896284,2520,jeweller,11974902441
لوازم قنادی نارنجی,54.36912,31.8389656,2502,bakery,11975308314
سالن vip مهربان من,54.3645088,31.8261188,2529,beauty_shop,11982265749
موسسه عینک آفتاب دیدافزا,54.3799614,31.8641926,2519,optician,11991785940
Saman Dental Clinic,54.3796338,31.8340296,2111,clinic,12000494839
دبستان غیرانتفاعی دخترانه آبان,54.3731035,31.8424031,2082,school,12014391869
نانوایی تنوری,54.3629952,31.8492471,2502,bakery,12038653968
کلانتری 17,54.3382927,31.8473502,2001,police,12025142001
نانوایی سنگک,54.3454978,31.8499523,2502,bakery,12030231108
نانوایی تنوری,54.3446287,31.8502895,2502,bakery,12038653968
دبیرستان دخترانه سما,54.346399,31.8497768,2082,school,12030273669
نانوایی تنوری,54.3578495,31.888487,2502,bakery,12038653968
سالن زیبایی نجمه مقدم,54.3958607,31.8281291,2529,beauty_shop,12040480000
کلینیک دندانپزشکی تبسم رویایی,54.3308769,31.8571791,2121,dentist,12100983311
جواهری محسن رحیمی,54.3685552,31.8964068,2520,jeweller,12104246806
داروخانه دکتر کفیری,54.3965948,31.8248583,2101,pharmacy,12105841502
مرکز خرید دوچرخه وموتور شارژی واسکوتر شیخ,54.381148,31.884534,2542,bicycle_shop,12118214708
مجموعه مراقبت و زیبایی آقامیری,54.3668316,31.8372493,2529,beauty_shop,12157380318
کلینیک دامپزشکی وین,54.3738142,31.8473893,2129,veterinary,12163677430
درمانگاه شبانه روزی رازی,54.3864257,31.8967335,2111,clinic,12169384629
قصر پیرایش مهدی,54.4033013,31.8569772,2561,hairdresser,12192480688
فروشگاه میم استور,54.4003272,31.8612817,2546,computer_shop,12196731060
کافه رف,54.3695264,31.8366639,2303,cafe,12243639948
خوشحالی فروشی دیزنی,54.3696538,31.8463734,2521,gift_shop,12250125217
دبستان پسرانه جوادالائمه ۲,54.3722709,31.8311487,2082,school,12256541842
بوتیک نازیلا,54.3568182,31.8863848,2512,clothes,12257976231
مطب دکتر عباسعلی دهقان,54.3620778,31.8775855,2120,doctors,12309069997
خانه بوم گردی مأوا,54.3619477,31.89418,2405,hostel,12320776702
مطب فرشته ها,54.3757091,31.8351388,2110,hospital,12328599615
دکتر مهدی نژاد.متخصص ارتوپدی,54.3838916,31.8556933,2120,doctors,12329959716
کلینیک دندانپزشکی آراد,54.3717753,31.8365421,2120,doctors,12330037511
گلفروشی چشم انداز سعید,54.3804247,31.8918191,2513,florist,12338969646
مطب و كلينيك دكتر وحيدفر,54.3567761,31.8834606,2120,doctors,12345231021
گالری عروسک آریانا,54.3702312,31.8823556,2526,toy_shop,12357737269
عینک شهاب,54.379207,31.8311127,2519,optician,12378834865
0039pasta کافه,54.3674488,31.847412,2303,cafe,12415820120
مزون عروس یاسمین,54.3550112,31.8729101,2512,clothes,12421816050
دکتر پارسائیان فلوشیپ فوق تخصصی سوختگی و ترمیمی,54.3600618,31.8864492,2120,doctors,12462451123
همراهان سبز,54.3749149,31.8780412,2513,florist,12466723823
مرکز طب سوزنی جدید یزد,54.3589583,31.884057,2120,doctors,12467702110
دکتر مهدیه کمالی متخصص زنان زایمان,54.3592352,31.8805993,2120,doctors,12475275296
رستوران نقش جهان(چایی فروش-حسینی),54.3801402,31.9110841,2301,restaurant,12478149839
salman,54.3677995,31.8918959,2303,cafe,12478888322
سالن زیبایی حدیث سلیمی,54.3689741,31.8385225,2529,beauty_shop,12481560289
موبایل اچ دی,54.377312,31.872049,2525,mobile_phone_shop,12492424539
تابلوسازی شبرنگ,54.377798,31.8874883,2501,supermarket,12495392420
آموزشگاه و سالن مهدیس ابراهیمی,54.3702234,31.8314856,2529,beauty_shop,12535647404
دکتر علی عقیلی جراح-دندانپزشک,54.3836787,31.8402145,2120,doctors,12548755056
کامپیوتر مسلم,54.3887279,31.8837841,2546,computer_shop,12550944979
سوپر شهرک,54.3862561,31.9122786,2511,convenience,12553417729
سالن زیبایی بانو دهقان,54.3729837,31.8480709,2529,beauty_shop,12582011402
دانشگاه علمی کاربردی,54.3567036,31.8618571,2081,university,12587118078
اداره کل پست استان یزد,54.3552478,31.8614082,2005,post_office,12587135611
خوابگاه دانشکده,54.3493186,31.8660948,2402,motel,12587135669
دانشکده پیراپزشکی شهید صدوقی یزد,54.3510301,31.8681862,2081,university,12587135724
فرماندهی نیروی انتظامی استان یزد,54.3476152,31.8678841,2001,police,12587135732
سالن ورزشی,54.3301226,31.8519613,2252,pitch,12587135753
یگان ویژه استان یزد,54.3834705,31.8573062,2001,police,12587136527
مرکز آموزش فنی و حرفه ای شماره 2 آزادگان یزد,54.3326837,31.8474034,2082,school,12588153354
سالن زیبایی ویدا شهیدی,54.367114,31.8102643,2529,beauty_shop,12589574570
سالن زیبایی یلدا,54.3847556,31.8376139,2529,beauty_shop,12599302540
سالن زیبایی الوان خواجه نسب,54.3615606,31.8526298,2529,beauty_shop,12600230521
طلا فروشی حسینیان,54.3678019,31.8952793,2520,jeweller,12609196800
قطعات موبایل فیکسل,54.3817049,31.8911759,2525,mobile_phone_shop,12620494561
گالری کفش پاپوش,54.3875903,31.841627,2517,shoe_shop,12629920627
سالن تخصصی ناخن مرجان,54.3773808,31.8496676,2529,beauty_shop,12633328444
نان فانتزی و پروتئینی بهشت نان,54.3766871,31.8954595,2501,supermarket,12638158610
گالری اتومبیل عباسی نژاد,54.3738596,31.8540781,2541,car_dealership,12644847890
کافه فست فود زرگران,54.3709411,31.8994969,2303,cafe,12645060979
سالن زیبایی و آموزشگاه زهره حکاکیان,54.3484878,31.8434075,2529,beauty_shop,12647166421
کلینیک پوست و مو بیات بیوتی,54.3687135,31.8445831,2120,doctors,12651865172
کافه رستوران کندلوس,54.3865546,31.8317964,2303,cafe,12656823136
کبابی وجگرکی دهقان 1,54.3700764,31.8934029,2301,restaurant,12658128896
رستوران پاسارگاد(نارنجستان ),54.3799858,31.8638956,2301,restaurant,12658179534
کلینیک دامپزشکی پرشین,54.3685807,31.8453953,2129,veterinary,12694643160
دپارتمان زیبایی آوانا,54.3687225,31.8741481,2529,beauty_shop,12749129040
هپی باکس (باکس شادی),54.3589072,31.8460617,2521,gift_shop,12755560786
دفتر گردشگری هتلگرد,54.3606992,31.844379,2567,travel_agent,12757062301
پوشاک سایز بزرگ زنانه سارا,54.384434,31.8410608,2512,clothes,12769229470
مزون ارغوان,54.3696025,31.8932077,2512,clothes,12771943396
باشگاه تخصصی کونگ فو استاد مرتضی بابایی,54.3558749,31.8448217,2251,sports_centre,12777008502
مرکز تخصصی ماساژ و کایروپراکتیک دکتر بابائی,54.3917655,31.844425,2120,doctors,12784814345
نانوایی لتیر نون و نمک,54.4265905,31.771561,2502,bakery,12794404224
تولید و تعمیر مبل,54.4074481,31.9001036,2544,furniture_shop,12817186442
دکتر خدارحمی,54.3778184,31.8726424,2120,doctors,12826189892
عینک محمدی,54.3570668,31.8833731,2519,optician,12833421245
کافه لوئیزا,54.3736661,31.9005156,2303,cafe,12836584590
موبایل مستر پرای,54.3978062,31.8574575,2525,mobile_phone_shop,12848437280
نمایندگی مدیران خودرو توانگر یزد,54.4010275,31.8736299,2541,car_dealership,12864252980
قهوه نیک عهد,54.3636708,31.8133329,2303,cafe,12953762006
گالری طلاریز,54.369124,31.8966589,2520,jeweller,13031128387
دکتر صدیقه حاجی هاشمی متخصص قلب و عروق و انژیوگرافی,54.3773382,31.8733951,2120,doctors,13050185553
کافه و رستوران دنگی دونگی,54.3530749,31.8431847,2301,restaurant,13075762227
کلینیک سو مصرف مواد رز,54.3498583,31.8509624,2111,clinic,13081250134
موسسه عینک طبی آسمان,54.3580766,31.8809856,2519,optician,13093057614
کافه دم دم,54.3650556,31.8398779,2303,cafe,13123167005
دندانپزشکی دکتر عسکری وزیری,54.3763411,31.853716,2121,dentist,13131197777
دکتر سعید عربی متخصص سرطان,54.3759404,31.8236494,2120,doctors,13140532393
دکتر حسین علی یاوری جراح دندانپزشک,54.3802098,31.8642659,2121,dentist,13154273526
دکتر محمد جواهرچیان,54.3778347,31.870532,2120,doctors,13163684322
کافه رستوران آوان,54.3645825,31.889032,2301,restaurant,13167099439
دکتر سید مسعود هاشمی زاده,54.3569302,31.8783296,2120,doctors,13167350864
پخش گوشت فتوحی,54.3949879,31.8277732,2511,convenience,13174989135
مطب دكتر پناه بخدا,54.3594325,31.8772244,2120,doctors,13197354623
مطب دکتر سرداری( متخصص اعصاب و روان ،معاینات گواهینامه),54.3756485,31.8746543,2120,doctors,13198320437
معجر,54.3708957,31.8982361,2512,clothes,13203034351
کافه اَمبِر,54.3717099,31.9044188,2301,restaurant,13243186784
مطب دکتر سید محسن فانی,54.3552826,31.885197,2120,doctors,13256696728
فروشگاه آرایشی بهداشتی عطریات محسن احتیاط,54.3752753,31.8778474,2514,chemist,13273733901
کلینیک زخم دیاکو,54.3813665,31.8707398,2120,doctors,13278527406
خانم دكتر بهاره ميبدي,54.3594439,31.8772961,2120,doctors,13279692571
جواهری شتابی,54.4010681,31.8557824,2520,jeweller,13282831589
سالن زیبایی مه جبین,54.3876188,31.8449408,2529,beauty_shop,13288640872
گروه تولیدی داز,54.3800381,31.8625439,2512,clothes,13304555474
سالن زیبایی و اموزشگاه دلارام,54.3658179,31.8568597,2529,beauty_shop,13305521429
antico italian kitchen,54.3736817,31.8312926,2301,restaurant,13322873752
آشپزخانه ایتالیایی آنتیکو,54.3729739,31.8318927,2301,restaurant,13322898443
آشپزخانه ایتالیایی آنتیکو,54.373672,31.8313997,2301,restaurant,13322898443
استودیو‌ گل آدا,54.3737828,31.8471956,2513,florist,13333161557
طلا فروشی مازار,54.3669268,31.8966015,2520,jeweller,13335630018
آرین استور,54.3896818,31.8230076,2525,mobile_phone_shop,13354554489
دندانپزشکی دکتر موقری,54.3808317,31.8598953,2121,dentist,13358532810
دکتر محبوبه دشتی متخصص زنان و زایمان,54.3570457,31.8779908,2120,doctors,13358643987
فیزیوتراپی صبا(فیزتراپیست محمدعلی دهقانی),54.3822769,31.8500711,2120,doctors,13358757069
تابه کباب,54.3510375,31.8446043,2301,restaurant,13362683929
موسسه رادیولوژی و سونوگرافی بقایی پور,54.36868,31.8815643,2120,doctors,13370788906
مطب دندانپزشکی دکتر دهقان دهنوی,54.3866167,31.828859,2111,clinic,13375393348
موبایل سید محمدآباد,54.4246789,31.7730102,2525,mobile_phone_shop,13376538230
آموزشگاه وسالن زیبای محدثه غیبی,54.3443665,31.8580434,2529,beauty_shop,13380785813
مرکز زیبایی پوست و مو روژان,54.3705,31.8442184,2110,hospital,13392179283
چسب کاشی و ابزارالات نصب اسلب دایان تجارت,54.3809098,31.8278712,2543,doityourself,13399382618
حاج خلیفه علی رحمر و شرکه,54.3791547,31.8859749,2502,bakery,13419432201
مزون صورتی,54.3707857,31.8333805,2512,clothes,13495869463
پانیذ فود,54.3846952,31.8412884,2301,restaurant,13525838529
